customer_id,campaign_type,campaign_name,engagement_score,clicks,impressions,conversion,start_date,end_date
CUST008,SMS,Honorable,6.02,609,1903,true,23/12/2019,17/09/2022
CUST067,Social Media,Rev,0.4,850,2787,true,11/05/2005,08/05/2009
CUST025,Email,Mr,5.26,648,6696,true,24/05/2014,12/09/2010
CUST015,SMS,Rev,4.78,383,9607,true,20/01/2019,21/07/2019
CUST007,SMS,Mrs,2.35,923,4952,false,18/11/2021,04/07/2018
CUST030,Social Media,Honorable,7.46,343,1386,true,01/07/2017,18/03/2010
CUST026,Email,Dr,6.18,869,6885,false,10/05/2019,15/03/2011
CUST096,Email,Mr,2.74,935,3902,true,04/04/2014,15/12/2020
CUST001,Email,Dr,6.19,165,3766,false,16/02/2013,14/02/2018
CUST061,Email,Honorable,0.53,826,100,false,18/09/2013,11/02/2018
CUST021,Email,Ms,8.09,130,9857,true,19/03/2021,26/06/2022
CUST068,SMS,Mr,1.78,293,2416,false,02/02/2016,07/02/2017
CUST025,Email,Mrs,5.58,893,6866,false,03/02/2012,06/02/2022
CUST005,Social Media,Mr,2.41,653,5316,false,05/10/2019,11/05/2018
CUST060,SMS,Dr,7.3,966,1791,false,11/05/2010,21/01/2020
CUST094,Social Media,Mr,2.63,228,1427,true,05/06/2010,29/12/2010
CUST051,SMS,Mrs,7.81,482,8293,false,31/03/2016,28/02/2006
CUST099,Social Media,Mr,8.17,80,154,false,14/07/2014,19/08/2022
CUST076,Social Media,Honorable,4.76,704,5407,false,03/06/2004,25/12/2022
CUST075,SMS,Ms,6.42,190,7412,false,04/10/2017,20/06/2011
CUST070,Social Media,Ms,8.89,550,5669,false,25/05/2017,04/05/2014
CUST036,SMS,Ms,3.06,319,1836,false,16/09/2022,01/10/2008
CUST013,SMS,Rev,2.77,655,464,true,14/10/2014,04/12/2020
CUST095,SMS,Rev,9.5,340,1030,true,24/03/2021,16/01/2008
CUST040,Email,Honorable,5.63,479,7075,true,22/05/2020,22/10/2013
CUST035,Email,Rev,5.81,563,8584,false,07/02/2021,01/01/2021
CUST038,Email,Mr,2.67,477,739,true,15/05/2022,14/02/2004
CUST042,SMS,Rev,5.04,943,9302,true,26/08/2021,20/01/2004
CUST033,Social Media,Dr,3.32,219,26,false,24/09/2010,13/11/2008
CUST060,Email,Honorable,1.0,120,5810,true,12/07/2009,08/07/2015
CUST079,Social Media,Honorable,7.56,479,7349,true,11/11/2015,11/02/2017
CUST063,Social Media,Rev,5.83,373,9644,false,25/12/2021,23/04/2010
CUST066,Email,Mr,5.61,338,6167,false,08/04/2008,18/04/2013
CUST032,SMS,Mr,3.11,199,1853,true,27/09/2020,23/05/2010
CUST057,Email,Mr,1.92,678,1531,false,10/06/2012,26/09/2018
CUST055,Email,Mrs,5.11,686,8036,false,05/03/2007,06/12/2022
CUST018,SMS,Honorable,3.3,598,4738,true,19/04/2009,08/11/2014
CUST010,Email,Dr,5.79,198,5194,true,23/06/2004,30/06/2015
CUST013,Social Media,Honorable,4.82,366,389,false,25/02/2019,17/06/2006
CUST063,SMS,Honorable,1.88,426,6600,false,15/09/2015,21/02/2019
CUST056,Social Media,Rev,9.12,575,6474,false,08/04/2007,03/11/2014
CUST014,Social Media,Honorable,9.85,681,8148,false,20/12/2009,16/10/2005
CUST099,Email,Ms,3.1,10,361,false,17/10/2019,04/07/2008
CUST056,Email,Mrs,7.89,323,6093,false,04/12/2014,26/09/2015
CUST023,Social Media,Ms,5.99,804,7673,false,20/02/2005,10/03/2014
CUST045,Social Media,Dr,5.62,663,9135,true,29/11/2004,30/09/2009
CUST003,SMS,Ms,0.47,585,451,false,07/03/2008,14/01/2020
CUST018,SMS,Honorable,9.92,622,1440,false,28/07/2012,18/01/2005
CUST078,SMS,Ms,3.05,919,6560,true,16/04/2010,11/03/2004
CUST066,SMS,Dr,4.26,592,7864,false,26/07/2008,25/05/2021
CUST029,Email,Ms,0.12,664,3421,true,02/04/2004,04/06/2014
CUST064,Social Media,Mr,5.2,432,4288,true,31/08/2011,12/03/2018
CUST093,Social Media,Ms,6.13,277,1423,true,14/02/2019,07/10/2022
CUST047,Email,Dr,5.2,899,6574,true,07/06/2020,08/06/2004
CUST006,Social Media,Dr,4.55,313,4383,false,01/08/2021,18/08/2022
CUST090,SMS,Dr,6.85,734,2168,true,01/12/2012,16/10/2014
CUST089,SMS,Honorable,3.21,410,6191,false,27/02/2008,14/12/2007
CUST095,Social Media,Honorable,7.0,309,2586,true,04/07/2016,09/11/2009
CUST084,SMS,Dr,8.63,797,8129,true,06/05/2021,23/07/2007
CUST080,SMS,Dr,2.99,125,6546,true,17/02/2007,15/07/2010
CUST017,SMS,Ms,4.62,503,5665,true,03/10/2018,21/10/2017
CUST038,Email,Ms,2.91,395,1711,false,13/04/2009,20/07/2012
CUST049,Social Media,Ms,6.48,540,5870,true,24/12/2018,13/06/2005
CUST068,Email,Rev,2.61,675,7054,false,28/03/2006,17/09/2015
CUST069,Social Media,Mr,7.34,183,4677,true,18/09/2022,09/04/2020
CUST079,Email,Rev,6.0,241,5772,true,10/08/2017,07/02/2021
CUST063,SMS,Dr,2.4,148,9305,false,29/01/2006,04/07/2006
CUST008,Social Media,Mr,1.99,750,852,false,29/05/2018,12/07/2011
CUST028,Social Media,Ms,2.47,638,4029,false,03/09/2018,17/12/2006
CUST078,SMS,Ms,5.4,470,6434,false,06/11/2016,17/11/2008
CUST037,SMS,Honorable,2.28,2,3414,false,12/11/2008,11/07/2006
CUST062,Email,Rev,6.18,63,3652,true,27/08/2014,19/11/2021
CUST079,Email,Mr,6.36,316,2963,false,20/04/2010,02/10/2018
CUST001,Email,Ms,1.54,537,2087,true,03/05/2022,29/08/2012
CUST019,Social Media,Dr,9.58,295,7695,false,27/01/2013,20/04/2007
CUST089,SMS,Dr,6.73,819,4911,false,25/11/2005,18/06/2014
CUST073,SMS,Mr,6.66,689,8575,false,26/01/2021,22/09/2011
CUST007,SMS,Honorable,6.11,306,7072,true,18/06/2010,21/01/2013
CUST035,Social Media,Ms,4.27,691,5475,true,13/11/2020,11/07/2004
CUST090,Email,Mrs,9.33,544,9390,false,15/03/2016,23/01/2006
CUST013,Email,Ms,0.92,893,2294,false,19/12/2022,02/12/2012
CUST049,Email,Mr,0.4,189,1150,true,13/07/2009,17/02/2008
CUST087,Social Media,Rev,3.46,850,9574,true,17/01/2008,05/12/2022
CUST095,SMS,Mr,6.87,998,6803,false,02/04/2021,30/05/2007
CUST034,Social Media,Mrs,1.66,86,4602,false,14/07/2016,23/07/2014
CUST046,Social Media,Honorable,7.98,146,7717,true,15/10/2014,20/01/2004
CUST043,Social Media,Dr,6.1,120,5602,true,05/09/2015,21/07/2012
CUST017,Social Media,Honorable,6.57,628,4460,true,25/03/2005,30/09/2017
CUST006,Email,Ms,9.83,452,7246,false,26/06/2021,24/08/2004
CUST009,SMS,Ms,8.1,487,4257,true,26/10/2008,21/01/2012
CUST044,SMS,Mrs,7.11,740,6064,false,24/08/2008,24/11/2008
CUST005,SMS,Mrs,1.79,781,5766,true,23/11/2022,30/07/2016
CUST046,Email,Rev,1.71,336,6694,false,04/01/2017,04/09/2009
CUST029,Email,Dr,3.38,450,7521,false,11/05/2020,23/09/2017
CUST062,SMS,Honorable,1.2,106,2553,false,05/09/2009,10/01/2020
CUST080,Social Media,Honorable,0.51,393,9127,false,30/04/2007,05/08/2009
CUST100,SMS,Dr,0.13,416,8215,false,03/09/2014,22/02/2004
CUST084,Email,Rev,4.79,720,1289,false,20/07/2019,17/11/2008
CUST024,Email,Mrs,2.96,234,3869,true,23/02/2021,24/03/2014
CUST091,Social Media,Ms,8.99,707,9320,true,25/03/2018,14/09/2012
CUST049,SMS,Mr,5.86,873,5074,false,17/08/2015,22/08/2006
CUST010,Social Media,Dr,6.27,327,8145,false,25/02/2022,02/03/2020
CUST016,Email,Rev,2.52,761,7372,false,02/01/2019,11/07/2010
CUST022,Social Media,Dr,7.17,84,8155,false,24/04/2015,02/07/2007
CUST009,Social Media,Rev,4.24,359,9943,true,18/01/2004,22/10/2006
CUST084,Email,Honorable,0.24,244,8970,false,01/11/2020,01/07/2018
CUST035,Social Media,Ms,0.82,139,4149,true,31/10/2012,23/05/2013
CUST009,Email,Mr,8.74,350,8412,false,28/05/2019,01/07/2014
CUST027,SMS,Honorable,8.55,889,8401,true,02/03/2010,16/05/2005
CUST081,Email,Mrs,4.09,261,7754,true,16/02/2009,20/12/2012
CUST061,SMS,Dr,5.03,557,7136,true,28/12/2005,26/04/2014
CUST085,SMS,Ms,7.22,879,5645,false,26/02/2005,04/03/2004
CUST008,SMS,Honorable,0.88,1,8784,true,23/09/2018,15/01/2007
CUST043,Email,Ms,6.07,256,423,true,05/11/2018,18/02/2007
CUST056,Email,Mr,2.8,462,9409,false,24/11/2014,17/07/2019
CUST005,Email,Honorable,6.96,457,1191,true,23/09/2019,19/04/2014
CUST067,Email,Honorable,9.94,279,430,false,22/01/2010,30/10/2004
CUST022,Social Media,Mrs,9.75,5,3673,false,11/11/2013,13/11/2011
CUST030,SMS,Mr,5.8,0,8075,false,08/09/2022,29/08/2015
CUST016,Email,Mrs,9.85,32,1005,true,04/09/2005,21/05/2009
CUST022,Social Media,Mrs,0.24,263,7746,false,10/11/2015,11/04/2009
CUST052,SMS,Rev,4.41,202,5627,false,08/01/2011,11/07/2018
CUST069,Social Media,Ms,7.23,558,5386,true,02/06/2010,10/12/2010
CUST088,Email,Dr,6.43,534,3800,true,02/06/2017,17/01/2006
CUST088,SMS,Dr,8.93,352,4262,false,08/07/2008,17/06/2019
CUST053,Social Media,Mrs,0.46,727,5869,true,04/11/2013,07/11/2010
CUST068,Social Media,Mrs,4.34,332,1729,true,05/04/2005,22/09/2010
CUST068,SMS,Ms,3.67,191,5111,false,23/08/2011,02/09/2019
CUST096,SMS,Dr,8.32,917,87,true,25/10/2005,23/03/2016
CUST028,Email,Dr,8.66,914,8082,true,17/11/2011,29/01/2011
CUST012,Social Media,Ms,8.0,821,3325,false,28/12/2005,03/04/2011
CUST055,SMS,Ms,4.53,39,2739,true,28/12/2019,07/06/2016
CUST009,Social Media,Honorable,1.13,204,6073,false,18/04/2005,18/04/2005
CUST016,Email,Ms,8.14,144,3443,false,25/03/2004,01/08/2017
CUST022,Social Media,Dr,1.51,275,7373,false,14/05/2013,05/10/2019
CUST075,Social Media,Mrs,7.79,225,1472,true,15/05/2022,04/08/2017
CUST068,Social Media,Rev,5.69,958,1594,true,14/02/2005,28/05/2010
CUST092,Email,Dr,1.95,765,2189,true,28/09/2018,19/12/2016
CUST063,Social Media,Mrs,5.16,624,9435,false,03/10/2013,20/12/2022
CUST074,SMS,Mr,0.71,645,3051,false,16/11/2009,21/11/2021
CUST032,SMS,Rev,1.73,942,3161,true,26/04/2014,04/09/2014
CUST037,Social Media,Rev,9.01,148,9424,false,20/04/2020,15/07/2004
CUST092,SMS,Mr,5.32,418,8388,false,22/04/2016,08/11/2008
CUST061,Social Media,Honorable,7.76,938,7131,false,10/12/2012,23/06/2017
CUST055,Social Media,Mrs,6.78,455,2643,true,17/08/2012,22/03/2015
CUST018,Social Media,Ms,0.88,550,810,false,24/06/2006,18/10/2021
CUST070,Email,Mrs,7.64,598,6136,true,16/05/2021,03/12/2022
CUST008,Email,Dr,1.99,573,2844,true,05/06/2012,25/09/2008
CUST011,Email,Rev,9.06,972,249,true,22/02/2009,04/07/2010
CUST052,SMS,Rev,7.5,503,6725,false,16/03/2020,17/07/2019
CUST061,Social Media,Dr,1.24,28,4276,false,08/05/2006,13/03/2020
CUST015,Social Media,Dr,5.05,478,4525,true,05/10/2019,21/02/2008
CUST067,SMS,Rev,8.85,484,3982,true,08/01/2010,30/12/2018
CUST029,Email,Mr,2.51,443,7381,false,31/12/2011,30/07/2020
CUST097,SMS,Mrs,5.87,287,1286,false,06/08/2004,06/07/2022
CUST055,Social Media,Mrs,1.82,580,5883,false,02/03/2018,17/06/2012
CUST083,Social Media,Dr,0.05,106,3231,false,19/02/2009,17/09/2018
CUST066,Email,Mrs,8.76,616,685,true,08/09/2020,13/03/2005
CUST043,Social Media,Honorable,7.0,708,3043,true,16/03/2012,08/07/2013
CUST043,SMS,Mr,5.9,135,8914,false,18/07/2019,23/01/2008
CUST031,Social Media,Honorable,9.39,784,8534,false,14/11/2012,01/08/2021
CUST070,Social Media,Mrs,1.19,29,9877,true,16/02/2011,04/04/2020
CUST007,Email,Rev,1.85,492,6051,true,09/05/2016,16/06/2014
CUST090,Email,Rev,7.61,181,9176,true,18/04/2004,30/07/2006
CUST004,Social Media,Honorable,8.31,318,9497,true,29/06/2022,03/07/2017
CUST001,Social Media,Dr,9.64,338,2041,true,06/02/2006,25/12/2022
CUST023,Social Media,Mr,3.16,302,3848,true,12/04/2008,28/12/2015
CUST082,SMS,Dr,9.23,800,8516,false,01/05/2015,21/05/2020
CUST053,Social Media,Honorable,8.68,725,5385,false,04/09/2021,30/04/2009
CUST048,Email,Rev,6.11,313,5158,false,19/02/2008,02/03/2018
CUST036,Email,Mrs,9.77,960,655,true,29/11/2009,01/12/2012
CUST025,SMS,Dr,6.52,581,4213,false,11/11/2018,25/09/2017
CUST096,Social Media,Mrs,7.09,627,8529,false,28/04/2006,06/02/2012
CUST063,Social Media,Mrs,8.52,332,4168,true,27/10/2015,16/03/2007
CUST027,Social Media,Ms,1.83,913,1707,false,19/07/2010,21/01/2018
CUST077,Email,Rev,6.01,846,7817,false,16/03/2018,15/10/2017
CUST044,Social Media,Mrs,1.41,503,9011,true,27/10/2012,12/05/2019
CUST089,Social Media,Mr,2.37,229,6737,true,02/11/2022,19/02/2014
CUST038,SMS,Rev,6.5,504,9119,true,03/01/2020,23/03/2015
CUST043,Email,Ms,6.2,936,6750,false,03/11/2018,16/09/2022
CUST020,Email,Rev,8.89,622,5116,false,30/11/2020,23/09/2005
CUST090,SMS,Mrs,3.73,36,5036,true,21/01/2018,25/04/2013
CUST086,SMS,Ms,0.14,145,1787,false,20/01/2007,15/04/2013
CUST019,Social Media,Dr,7.9,565,5586,true,09/06/2006,09/11/2018
CUST085,SMS,Ms,9.84,639,1808,false,11/06/2008,28/01/2021
CUST075,Email,Honorable,6.1,429,1648,false,24/03/2013,30/11/2022
CUST043,Email,Mrs,1.68,6,2795,false,24/01/2014,29/11/2010
CUST002,SMS,Ms,8.24,860,7683,false,02/01/2020,10/03/2022
CUST014,Social Media,Ms,8.9,133,324,false,04/07/2010,22/05/2012
CUST045,Social Media,Rev,0.96,693,9692,true,06/07/2011,31/05/2014
CUST100,Social Media,Dr,4.42,141,8123,true,23/05/2020,22/04/2005
CUST019,Social Media,Dr,2.13,496,5948,false,04/08/2007,16/04/2012
CUST049,SMS,Mr,0.61,58,4864,true,10/04/2017,01/07/2004
CUST085,Social Media,Rev,3.25,516,2049,false,22/05/2005,25/12/2005
CUST088,Email,Honorable,8.51,439,6590,false,05/10/2011,04/09/2018
CUST087,Email,Mr,0.68,912,8561,true,18/11/2012,19/11/2009
CUST066,Social Media,Dr,0.61,366,3960,false,22/03/2017,13/01/2011
CUST077,Email,Ms,6.57,61,6049,false,30/03/2020,11/05/2008
CUST023,SMS,Mr,2.98,905,3001,false,19/10/2015,07/11/2004
CUST080,Social Media,Rev,7.87,480,9548,false,13/11/2015,24/09/2011
CUST082,Social Media,Ms,7.46,967,4376,false,30/10/2016,05/09/2010
CUST081,Social Media,Mrs,2.43,785,8854,true,03/05/2016,03/01/2007
CUST014,Social Media,Dr,7.8,44,200,false,13/01/2005,27/01/2009
CUST096,SMS,Mr,4.58,556,5262,true,10/02/2021,23/12/2007
CUST029,SMS,Mrs,2.03,345,2181,true,04/06/2019,15/09/2004
CUST034,Email,Dr,4.9,715,161,true,24/08/2012,02/02/2016
CUST072,Email,Rev,7.45,445,5022,true,06/03/2021,26/08/2010
CUST058,Social Media,Honorable,6.4,539,2401,true,06/01/2020,26/09/2015
CUST010,Social Media,Mrs,9.02,655,6475,true,17/03/2016,12/03/2019
CUST034,SMS,Honorable,4.71,310,8319,true,15/10/2004,06/02/2007
CUST058,Social Media,Dr,9.33,394,226,false,24/04/2013,16/07/2005
CUST077,Email,Mr,0.39,737,5188,true,15/05/2020,01/06/2016
CUST003,Email,Mr,4.38,137,6574,true,08/12/2013,16/09/2008
CUST058,SMS,Ms,9.83,201,248,false,03/10/2004,22/09/2005
CUST056,Email,Rev,0.31,589,331,false,18/10/2009,31/08/2007
CUST095,SMS,Mrs,7.21,354,3577,false,27/04/2022,15/10/2010
CUST090,SMS,Dr,7.16,725,5765,false,27/04/2017,09/04/2016
CUST043,Social Media,Rev,3.24,713,525,false,16/08/2019,19/09/2017
CUST021,Social Media,Honorable,7.49,948,9400,true,11/11/2020,01/03/2011
CUST004,SMS,Mrs,5.54,34,2728,true,27/05/2016,22/02/2012
CUST082,Email,Ms,3.81,511,3531,true,21/09/2014,07/11/2007
CUST063,Email,Rev,8.92,712,3864,false,09/01/2007,07/10/2004
CUST011,Social Media,Rev,1.32,860,8811,true,25/11/2019,07/05/2017
CUST015,Email,Mrs,2.63,594,5298,true,24/04/2005,02/02/2004
CUST017,Email,Dr,4.32,219,6026,false,05/06/2019,04/04/2010
CUST075,SMS,Dr,6.59,691,9022,false,05/06/2013,04/06/2017
CUST024,Social Media,Honorable,8.25,15,1132,false,05/08/2017,05/05/2018
CUST045,Social Media,Mrs,5.89,262,1090,true,16/12/2010,21/08/2005
CUST008,Social Media,Honorable,0.09,56,2927,true,16/06/2008,14/12/2006
CUST066,Email,Ms,2.86,444,4850,true,16/11/2018,24/04/2019
CUST057,SMS,Ms,4.74,428,4927,false,08/02/2020,19/03/2004
CUST077,Social Media,Mrs,3.69,954,5886,true,04/03/2021,24/09/2017
CUST062,SMS,Honorable,5.97,570,1405,false,24/05/2019,18/12/2007
CUST082,Social Media,Honorable,8.7,512,4542,true,25/12/2018,16/06/2013
CUST048,SMS,Dr,8.64,863,915,true,29/04/2006,12/07/2013
CUST048,SMS,Mrs,9.06,608,5604,false,30/03/2005,24/02/2009
CUST043,Email,Mr,1.39,162,5818,false,12/04/2022,18/11/2004
CUST098,Social Media,Mrs,9.44,966,8855,true,07/05/2012,27/12/2015
CUST041,Email,Ms,9.85,835,4274,false,11/05/2012,04/07/2012
CUST035,SMS,Ms,2.71,533,3039,false,06/08/2018,27/04/2018
CUST054,Social Media,Honorable,7.48,819,722,true,20/08/2021,14/06/2011
CUST043,Email,Dr,2.76,240,4028,false,12/07/2015,10/01/2011
CUST057,Social Media,Ms,1.52,122,2463,false,14/06/2015,24/12/2017
CUST074,Social Media,Dr,7.62,973,4370,true,12/06/2017,12/11/2005
CUST077,Social Media,Mr,3.17,297,1991,true,24/11/2008,12/02/2005
CUST024,SMS,Mr,0.57,926,9201,true,30/09/2008,10/01/2008
CUST014,Email,Mrs,6.63,797,6279,false,28/08/2020,02/04/2022
CUST052,Email,Mr,6.18,372,4058,true,15/03/2013,07/06/2020
CUST072,Social Media,Honorable,0.79,557,2032,false,19/06/2009,30/06/2015
CUST011,Social Media,Mrs,7.76,813,8848,true,04/03/2016,26/06/2013
CUST074,Social Media,Rev,4.68,538,2068,false,23/05/2006,11/07/2022
CUST041,SMS,Rev,8.13,95,4952,true,10/05/2019,07/09/2013
CUST007,Email,Rev,6.28,213,5175,true,05/06/2004,15/05/2013
CUST082,Email,Honorable,8.91,432,5766,true,04/08/2019,12/07/2009
CUST047,Social Media,Ms,9.44,416,292,true,06/04/2012,10/09/2011
CUST086,Social Media,Honorable,8.02,733,5286,true,11/05/2014,15/05/2020
CUST038,SMS,Dr,0.28,668,5380,false,14/02/2018,03/05/2017
CUST026,Social Media,Dr,8.68,316,2640,true,01/05/2004,03/08/2004
CUST002,SMS,Dr,7.34,75,3626,true,25/03/2010,23/04/2004
CUST099,Email,Ms,4.92,789,5423,false,30/10/2010,03/09/2010
CUST085,Email,Mrs,5.43,926,9172,false,06/03/2006,06/06/2009
CUST085,Social Media,Rev,3.48,191,9396,false,03/12/2009,12/03/2014
CUST072,Email,Mr,6.11,177,2926,true,15/07/2010,04/07/2020
CUST071,Social Media,Honorable,6.59,259,1619,false,22/12/2018,14/11/2011
CUST052,Social Media,Rev,1.34,182,6921,true,25/02/2004,11/09/2008
CUST086,Social Media,Rev,5.97,230,8199,false,20/01/2010,23/04/2022
CUST050,SMS,Mrs,6.83,350,1692,false,16/07/2019,15/06/2012
CUST079,SMS,Dr,7.36,649,8787,true,20/04/2007,26/02/2013
CUST064,Email,Dr,4.21,704,795,true,28/10/2018,24/03/2010
CUST006,Social Media,Ms,3.67,479,8060,true,12/03/2007,30/01/2007
CUST090,Email,Mrs,6.6,864,6704,true,27/10/2005,02/12/2017
CUST031,Social Media,Honorable,9.4,792,3931,false,14/12/2010,10/01/2013
CUST004,Email,Mrs,1.82,992,2933,true,26/05/2018,26/12/2016
CUST070,SMS,Ms,1.49,281,1171,true,21/12/2007,18/04/2019
CUST066,Social Media,Dr,2.62,740,4147,false,06/11/2017,02/10/2012
CUST080,SMS,Honorable,7.98,255,9174,true,03/02/2021,07/05/2013
CUST024,SMS,Honorable,2.75,448,2834,true,14/06/2020,11/02/2014
CUST046,Social Media,Honorable,8.79,90,1724,true,25/12/2009,02/08/2009
CUST039,Social Media,Mrs,8.24,372,8247,false,19/10/2006,30/03/2011
CUST006,Social Media,Mr,1.73,412,1290,true,26/02/2007,12/05/2004
CUST078,Email,Ms,7.68,792,5078,false,26/03/2018,05/03/2010
CUST032,Email,Honorable,2.96,295,4417,true,21/03/2009,22/08/2009
CUST087,Social Media,Rev,0.28,321,3685,true,13/03/2004,14/11/2010
CUST049,Email,Mrs,3.23,651,7860,false,22/03/2010,15/03/2006
CUST009,SMS,Rev,2.88,663,3672,false,02/10/2016,22/10/2011
CUST003,Email,Ms,3.82,450,8478,true,26/07/2020,26/09/2015
CUST047,Social Media,Ms,2.09,936,795,false,30/12/2015,22/10/2020
CUST070,Email,Mrs,1.82,657,9255,false,15/09/2004,27/07/2010
CUST076,Social Media,Mrs,3.19,195,3510,false,13/11/2007,06/01/2012
CUST012,SMS,Rev,7.31,976,2648,false,05/05/2022,31/03/2014
CUST073,SMS,Ms,9.87,686,7914,false,17/08/2015,31/08/2014
CUST071,Social Media,Mr,1.22,598,4521,false,09/08/2006,13/02/2020
CUST084,SMS,Mrs,3.68,432,8940,false,30/03/2017,25/03/2019
CUST067,SMS,Mr,4.48,490,1952,false,08/04/2010,04/11/2005
CUST037,SMS,Mr,6.06,293,5546,false,21/07/2018,08/12/2007
CUST015,SMS,Mr,5.32,707,3887,true,10/11/2006,05/02/2011
CUST038,Social Media,Rev,0.3,940,8765,true,25/09/2014,26/02/2021
CUST091,Social Media,Mr,0.59,611,7027,true,19/08/2020,11/09/2020
CUST045,SMS,Honorable,2.95,405,8362,true,09/05/2016,24/05/2013
CUST087,SMS,Dr,7.69,396,2833,false,18/02/2011,09/07/2015
CUST053,Email,Dr,8.89,850,3377,false,17/10/2017,07/07/2013
CUST090,SMS,Mrs,1.09,928,3582,true,21/03/2015,07/07/2015
CUST038,Social Media,Honorable,9.25,398,8125,true,14/09/2015,10/07/2017
CUST014,SMS,Dr,8.63,336,3524,true,27/11/2017,06/07/2018
CUST014,Email,Dr,9.28,791,6321,false,02/04/2013,26/08/2020
CUST058,SMS,Dr,2.88,794,5121,false,06/01/2020,22/09/2021
CUST089,Social Media,Ms,0.23,248,2913,false,08/04/2006,15/06/2005
CUST021,SMS,Honorable,6.89,569,1769,true,20/06/2019,30/11/2005
CUST052,Social Media,Rev,7.32,732,8176,true,14/09/2020,30/07/2005
CUST098,SMS,Rev,2.72,105,1717,false,01/11/2005,07/07/2020
CUST061,Social Media,Ms,9.25,719,7369,false,18/06/2011,17/11/2013
CUST069,Email,Mr,4.11,509,7892,true,26/08/2020,14/04/2010
CUST062,Social Media,Rev,9.9,570,6141,true,23/02/2012,27/10/2009
CUST050,Email,Dr,9.73,130,692,false,15/12/2015,05/02/2006
CUST023,SMS,Mrs,2.76,343,383,false,13/05/2021,11/03/2018
CUST014,SMS,Mrs,7.65,322,3794,false,06/09/2018,17/10/2009
CUST062,SMS,Honorable,2.84,226,167,false,27/12/2012,06/06/2019
CUST038,Email,Dr,0.05,4,8128,false,08/12/2021,10/12/2018
CUST069,SMS,Mr,4.39,370,367,true,27/01/2012,14/02/2022
CUST011,Email,Mrs,7.72,514,2354,true,22/11/2010,29/02/2020
CUST034,SMS,Ms,8.75,98,3096,false,02/11/2014,19/09/2016
CUST093,Social Media,Mr,0.45,842,829,false,07/03/2020,09/01/2013
CUST006,Email,Mrs,0.79,203,1200,true,29/11/2006,02/07/2007
CUST074,SMS,Honorable,1.55,972,5375,false,18/07/2014,27/07/2017
CUST042,SMS,Mrs,0.14,351,8074,false,16/01/2011,04/12/2020
CUST057,Social Media,Honorable,4.96,77,6342,false,24/11/2008,26/10/2019
CUST006,SMS,Dr,2.57,744,3034,true,21/02/2011,22/07/2018
CUST081,Social Media,Rev,1.39,323,5461,false,23/07/2012,25/06/2020
CUST014,Email,Ms,1.57,366,4474,true,13/09/2019,30/11/2015
CUST061,Social Media,Mr,3.18,939,8378,true,28/07/2018,06/09/2004
CUST062,SMS,Ms,6.39,323,7584,false,22/06/2022,02/10/2018
CUST072,Email,Honorable,4.26,343,4157,false,27/01/2005,08/06/2009
CUST022,Email,Rev,7.57,974,9118,true,26/07/2022,17/02/2012
CUST035,Email,Ms,8.84,6,84,false,09/07/2012,02/08/2016
CUST024,SMS,Dr,9.23,238,9557,true,20/02/2008,11/10/2016
CUST006,Social Media,Rev,8.2,696,3706,true,27/09/2016,11/11/2020
CUST078,SMS,Rev,8.22,370,7682,true,08/04/2007,31/10/2021
CUST093,SMS,Honorable,0.79,950,5132,false,31/05/2007,03/02/2006
CUST083,Social Media,Honorable,4.97,344,6770,true,01/09/2015,12/12/2013
CUST006,Social Media,Honorable,5.95,295,3036,false,11/05/2007,04/05/2009
CUST051,SMS,Mrs,5.72,548,3696,false,18/05/2020,19/07/2017
CUST037,Email,Rev,0.89,54,6685,false,16/10/2012,25/03/2011
CUST098,Social Media,Rev,8.38,735,3361,false,20/07/2016,29/03/2009
CUST075,SMS,Mr,4.59,495,9399,true,23/10/2019,16/03/2010
CUST033,Email,Rev,5.61,716,3516,true,02/09/2007,20/10/2008
CUST100,Email,Mr,1.83,950,2287,true,16/07/2011,01/06/2020
CUST005,Email,Mrs,2.41,106,1915,true,02/07/2004,19/04/2014
CUST055,Social Media,Ms,3.92,190,3997,true,27/09/2007,01/06/2016
CUST046,Social Media,Mr,3.73,228,4430,true,07/06/2005,28/02/2017
CUST004,SMS,Mrs,2.0,25,8921,true,11/09/2013,05/03/2009
CUST046,Social Media,Dr,8.62,508,4144,false,10/01/2011,04/10/2010
CUST055,SMS,Rev,5.42,703,5779,false,24/09/2006,06/11/2004
CUST004,SMS,Mrs,1.17,684,2134,true,21/09/2022,06/02/2005
CUST071,Email,Mrs,6.02,305,1142,true,21/08/2017,22/11/2019
CUST006,SMS,Ms,2.93,35,3865,false,18/12/2019,12/08/2020
CUST045,Social Media,Ms,3.27,250,3372,true,01/07/2015,07/07/2005
CUST043,Social Media,Honorable,2.26,207,6629,true,19/07/2012,12/04/2006
CUST013,Email,Dr,8.49,587,3224,false,21/11/2007,05/01/2013
CUST054,Social Media,Ms,3.75,692,619,true,03/01/2018,03/02/2020
CUST055,Email,Rev,4.85,321,2797,true,03/12/2017,15/03/2007
CUST088,SMS,Mrs,4.07,665,9737,true,20/01/2014,08/02/2014
CUST029,Social Media,Ms,5.99,365,926,false,25/09/2015,12/06/2010
CUST020,Email,Dr,4.0,457,7978,true,07/02/2012,16/09/2020
CUST097,SMS,Rev,3.82,985,8008,false,08/03/2020,26/10/2017
CUST041,Social Media,Mrs,6.05,476,6409,false,04/10/2018,01/05/2014
CUST100,Social Media,Honorable,5.32,744,1914,true,06/09/2014,25/07/2006
CUST085,Social Media,Honorable,8.35,506,5516,true,16/05/2017,29/07/2014
CUST024,Social Media,Rev,6.17,766,1416,false,20/06/2016,22/05/2006
CUST074,SMS,Mrs,2.66,492,7118,false,02/02/2018,21/12/2015
CUST063,SMS,Ms,2.08,623,8502,true,03/03/2006,21/10/2014
CUST063,SMS,Ms,0.19,975,9884,false,09/06/2011,06/05/2011
CUST035,Social Media,Dr,9.59,176,4620,true,23/05/2018,23/07/2007
CUST026,SMS,Honorable,7.3,355,8292,true,19/03/2007,27/05/2016
CUST068,SMS,Honorable,5.3,421,9327,false,16/10/2006,24/12/2016
CUST028,Email,Ms,5.02,721,7074,true,30/01/2015,21/01/2017
CUST074,SMS,Mr,4.83,446,5608,false,04/05/2007,22/03/2008
CUST008,Social Media,Dr,7.57,568,1808,false,05/07/2006,11/02/2006
CUST041,Social Media,Ms,3.77,965,5649,false,21/02/2022,04/10/2011
CUST070,Email,Honorable,8.76,727,8967,false,19/09/2014,05/05/2019
CUST048,Social Media,Honorable,4.18,466,4318,false,06/08/2016,30/09/2007
CUST045,Social Media,Dr,4.35,687,121,false,11/06/2009,02/07/2014
CUST064,Social Media,Mrs,9.88,642,2292,true,24/06/2020,18/07/2007
CUST089,Social Media,Mr,5.31,712,8470,true,05/08/2005,07/04/2006
CUST075,SMS,Mrs,6.95,713,4750,true,17/11/2006,07/05/2019
CUST095,Email,Mr,6.91,698,7565,false,20/09/2009,12/11/2015
CUST004,Social Media,Ms,8.58,142,1678,true,12/03/2016,16/05/2012
CUST005,Social Media,Dr,1.72,459,2982,true,11/12/2017,29/07/2020
CUST005,SMS,Ms,0.15,452,2865,false,31/07/2015,01/11/2014
CUST018,Social Media,Dr,8.23,883,8373,true,09/03/2012,15/05/2006
CUST072,Social Media,Dr,5.77,38,1120,false,09/05/2008,19/10/2020
CUST099,Email,Ms,3.4,751,9937,false,05/08/2013,19/07/2004
CUST019,Social Media,Ms,4.5,349,7337,false,24/12/2007,30/07/2018
CUST051,Social Media,Ms,2.84,636,4596,true,20/07/2008,14/04/2007
CUST036,Social Media,Mr,4.75,19,8647,false,05/12/2021,15/11/2022
CUST008,SMS,Dr,5.48,126,3784,true,26/01/2018,17/07/2007
CUST019,Email,Mrs,3.03,282,1785,false,03/01/2007,02/07/2008
CUST075,SMS,Mrs,8.54,964,3752,true,07/09/2018,11/11/2018
CUST095,Email,Honorable,8.05,823,6162,false,30/09/2008,23/01/2020
CUST065,Email,Rev,7.95,699,678,false,22/08/2010,13/11/2022
CUST096,Social Media,Dr,7.18,101,4603,true,04/12/2007,04/10/2018
CUST098,SMS,Mr,0.66,459,9270,true,12/02/2008,28/10/2011
CUST093,SMS,Mrs,7.32,341,6419,false,04/11/2015,17/01/2017
CUST071,SMS,Dr,3.08,1,3400,true,03/01/2018,12/04/2009
CUST088,Email,Honorable,5.16,233,678,true,11/02/2021,27/01/2018
CUST094,Email,Mr,9.69,690,4323,false,22/03/2015,04/09/2011
CUST060,Email,Ms,6.04,343,9192,false,18/06/2011,08/09/2008
CUST074,Social Media,Dr,5.92,660,4096,true,23/05/2017,09/10/2020
CUST058,Email,Mrs,1.19,936,3331,false,10/04/2019,24/02/2020
CUST087,SMS,Honorable,0.88,110,462,false,08/03/2009,28/05/2015
CUST053,Email,Mrs,3.78,35,727,true,04/08/2014,19/12/2021
CUST100,Email,Mr,2.11,537,4275,false,17/11/2020,25/05/2004
CUST064,Email,Mrs,5.15,448,5835,true,18/11/2009,13/10/2008
CUST078,Email,Dr,1.99,124,921,true,11/03/2009,07/09/2016
CUST016,SMS,Rev,2.23,725,9727,true,07/05/2013,01/03/2005
CUST001,Email,Honorable,4.98,982,3998,false,27/04/2009,12/03/2007
CUST025,Email,Rev,5.25,21,1247,true,15/08/2014,03/06/2018
CUST050,SMS,Dr,2.27,506,7140,false,05/06/2020,01/12/2004
CUST068,Email,Mrs,7.01,444,9971,true,27/03/2004,01/09/2009
CUST093,Social Media,Rev,9.2,857,3409,true,08/10/2004,08/12/2021
CUST035,Email,Mrs,1.72,251,8942,false,21/10/2011,29/04/2008
CUST025,SMS,Ms,4.79,256,8871,false,24/08/2009,20/08/2019
CUST012,Email,Honorable,4.69,269,6286,true,12/10/2018,08/08/2007
CUST089,Social Media,Mr,2.14,431,3234,false,31/10/2006,31/03/2022
CUST020,Email,Mrs,2.73,448,2437,true,20/11/2014,17/07/2005
CUST023,SMS,Mr,2.87,842,6247,false,21/03/2004,28/04/2004
CUST083,Email,Mr,6.63,564,6525,true,07/04/2017,20/08/2020
CUST062,Social Media,Honorable,0.59,294,9827,true,30/06/2012,10/04/2011
CUST064,SMS,Ms,9.19,528,4024,true,30/03/2014,13/01/2020
CUST026,Social Media,Mrs,7.12,966,3043,false,04/10/2012,01/06/2020
CUST014,SMS,Rev,6.61,80,2627,false,01/03/2006,01/05/2017
CUST073,SMS,Honorable,7.71,688,3814,false,12/04/2019,09/12/2014
CUST085,SMS,Dr,6.32,337,1545,false,26/08/2005,21/03/2006
CUST028,SMS,Honorable,2.23,822,179,false,23/01/2006,12/03/2010
CUST053,SMS,Dr,8.13,655,188,true,02/02/2020,24/08/2015
CUST020,Social Media,Mr,5.14,736,5040,false,24/11/2019,05/07/2017
CUST086,SMS,Mr,8.61,572,7952,true,23/08/2010,16/03/2010
CUST098,Email,Mrs,0.55,777,1778,true,21/09/2015,02/07/2009
CUST079,Social Media,Mr,0.48,616,8567,true,30/07/2009,27/02/2021
CUST023,Email,Ms,1.4,115,9889,true,08/01/2016,27/06/2006
CUST048,Social Media,Dr,1.06,820,7765,true,20/12/2004,19/10/2010
CUST042,SMS,Ms,3.33,880,2861,true,11/01/2014,31/08/2015
CUST089,SMS,Ms,1.51,64,7186,true,15/08/2020,09/01/2006
CUST010,Social Media,Ms,1.58,6,9699,true,27/12/2017,24/05/2021
CUST024,Email,Dr,4.87,441,3622,false,18/04/2008,17/08/2015
CUST097,SMS,Dr,8.94,631,2196,false,13/06/2020,24/10/2007
CUST003,Social Media,Honorable,2.89,430,7759,false,15/12/2015,14/09/2015
CUST079,Email,Mrs,5.37,39,9287,true,08/04/2014,30/11/2019
CUST087,Social Media,Mrs,6.77,645,9854,true,21/03/2013,21/07/2015
CUST016,Social Media,Rev,2.83,829,5711,false,22/07/2004,22/04/2006
CUST042,Email,Ms,3.88,678,9095,false,22/01/2017,24/10/2021
CUST079,Email,Honorable,5.3,595,3435,false,12/03/2011,31/08/2022
CUST034,SMS,Rev,0.07,256,7412,false,23/12/2016,17/01/2010
CUST046,SMS,Mr,2.62,725,6730,true,06/04/2005,23/03/2007
CUST061,SMS,Mr,6.66,883,2856,true,10/08/2005,29/09/2012
CUST064,Social Media,Dr,8.5,612,7437,true,09/05/2011,12/02/2010
CUST053,Social Media,Mr,8.95,516,7557,false,12/01/2016,05/07/2004
CUST082,SMS,Ms,7.39,63,1105,true,30/01/2018,04/01/2010
CUST043,Email,Ms,7.72,812,4759,false,27/01/2008,05/10/2009
CUST091,Social Media,Mrs,3.11,217,4002,true,26/02/2007,24/05/2016
CUST095,Social Media,Mr,0.35,954,5634,true,28/12/2021,10/02/2022
CUST016,Social Media,Rev,6.76,446,3010,true,13/01/2004,04/08/2007
CUST009,SMS,Honorable,4.76,532,2835,false,09/10/2004,04/12/2004
CUST055,Email,Ms,2.58,523,4293,true,27/01/2016,29/03/2007
CUST063,Social Media,Mr,3.92,864,146,true,28/12/2004,10/08/2018
CUST020,Social Media,Dr,3.84,362,5906,true,17/05/2008,30/10/2012
CUST029,Email,Ms,4.91,56,1641,true,09/11/2007,02/12/2007
CUST071,SMS,Dr,0.79,722,6983,false,30/03/2015,12/05/2012
CUST027,Email,Dr,5.28,118,5762,false,17/01/2008,02/12/2011
CUST050,Email,Mr,0.61,16,283,false,21/10/2005,27/09/2014
CUST004,SMS,Dr,5.49,902,9379,true,05/10/2016,28/05/2007
CUST008,SMS,Rev,2.68,743,2879,true,15/01/2016,21/08/2021
CUST093,SMS,Mrs,1.81,410,8959,true,05/10/2016,24/01/2016
CUST076,SMS,Mrs,8.41,882,8619,false,28/04/2017,15/09/2018
CUST021,Email,Honorable,0.04,734,6658,true,13/04/2022,28/08/2008
CUST063,Social Media,Honorable,8.17,50,9814,false,01/09/2004,13/01/2021
CUST073,Email,Ms,7.84,467,3782,true,11/09/2007,06/05/2019
CUST073,Email,Mrs,5.01,102,8785,true,05/07/2009,23/03/2017
CUST085,SMS,Rev,8.3,7,9642,false,16/12/2019,16/10/2021
CUST030,SMS,Dr,6.36,232,1538,true,30/08/2018,18/03/2009
CUST072,SMS,Honorable,8.3,350,6031,false,27/12/2017,20/08/2020
CUST077,Email,Dr,7.5,221,339,true,04/07/2012,15/08/2019
CUST078,Social Media,Ms,8.1,472,6416,false,10/08/2016,25/10/2009
CUST095,SMS,Honorable,0.8,953,357,false,24/11/2019,30/09/2009
CUST004,Email,Honorable,4.32,487,8863,false,05/01/2004,20/07/2007
CUST054,Social Media,Mr,9.82,747,8588,true,05/06/2020,05/04/2008
CUST016,Social Media,Mr,4.44,349,6360,true,02/03/2015,22/12/2008
CUST068,SMS,Rev,6.62,57,7794,true,06/02/2013,17/11/2016
CUST043,SMS,Dr,7.92,967,4466,true,12/08/2006,04/06/2014
CUST025,Email,Rev,1.15,916,2437,false,08/05/2012,08/08/2007
CUST035,Email,Honorable,5.66,452,9729,false,10/09/2022,13/02/2017
CUST100,Social Media,Ms,6.99,362,3051,true,22/01/2013,25/06/2009
CUST091,Social Media,Mr,1.19,442,5998,false,23/04/2010,19/02/2016
CUST013,Social Media,Dr,4.82,731,6809,false,16/08/2021,19/12/2016
CUST044,Email,Mrs,9.06,818,1228,false,30/10/2018,07/12/2014
CUST029,Social Media,Mr,2.42,383,9872,false,16/09/2008,04/11/2004
CUST092,Email,Rev,6.84,434,6459,false,21/10/2007,04/03/2020
CUST008,Email,Honorable,7.74,306,5575,true,28/04/2021,04/06/2020
CUST026,Email,Mr,6.02,161,2023,false,18/09/2007,02/09/2012
CUST071,Social Media,Mr,1.24,858,1745,false,13/04/2010,31/05/2008
CUST056,SMS,Dr,0.02,880,3928,true,06/02/2013,26/06/2022
CUST018,Email,Ms,4.7,257,765,true,26/12/2006,23/06/2012
CUST019,SMS,Dr,6.48,443,9037,true,26/08/2022,01/03/2009
CUST075,Email,Mrs,3.97,803,4105,true,30/07/2010,13/09/2013
CUST095,Social Media,Rev,5.36,725,4569,false,06/11/2019,30/06/2007
CUST027,SMS,Ms,9.77,682,9658,true,19/10/2020,16/12/2005
CUST002,Social Media,Mr,8.11,240,8882,false,26/11/2005,20/06/2020
CUST018,Social Media,Honorable,5.37,661,1969,false,31/01/2010,11/02/2014
CUST056,Email,Honorable,5.18,550,8893,false,23/11/2015,04/07/2008
CUST063,SMS,Honorable,2.28,124,6869,true,25/06/2013,09/04/2022
CUST041,Email,Mrs,3.62,225,1450,true,03/08/2016,16/02/2018
CUST048,Social Media,Dr,1.35,695,9581,false,18/03/2013,13/12/2009
CUST012,Email,Mrs,8.7,381,1980,false,05/04/2015,13/02/2010
CUST093,Email,Dr,8.95,347,2857,false,11/02/2013,29/02/2012
CUST043,Social Media,Ms,6.56,428,2477,true,12/12/2007,16/07/2006
CUST097,Social Media,Dr,1.98,556,3199,false,24/11/2004,12/11/2020
CUST063,Email,Honorable,1.6,626,8962,false,11/11/2010,22/10/2004
CUST069,Email,Ms,2.63,880,2625,true,09/01/2019,28/11/2017
CUST040,SMS,Mr,5.75,404,2850,true,27/04/2014,20/08/2020
CUST084,Social Media,Honorable,1.6,519,7244,true,16/11/2017,02/04/2022
CUST043,Social Media,Ms,6.8,356,8649,false,31/07/2017,01/09/2007
CUST023,Social Media,Mr,2.32,918,6406,true,17/08/2020,11/05/2006
CUST027,Email,Dr,1.93,729,3620,false,11/11/2004,04/06/2010
CUST067,SMS,Honorable,2.7,755,6230,true,27/04/2007,11/05/2016
CUST016,Email,Honorable,7.18,84,123,false,29/09/2011,05/10/2015
CUST077,Email,Ms,9.82,598,6026,true,02/09/2010,16/10/2004
CUST021,SMS,Mrs,9.16,87,445,false,28/06/2020,31/05/2017
CUST100,SMS,Mr,7.83,699,1570,true,05/12/2009,29/02/2004
CUST057,Social Media,Ms,3.89,977,60,true,14/08/2014,11/09/2007
CUST036,Email,Dr,4.34,964,5215,false,05/05/2005,13/09/2018
CUST035,Social Media,Ms,5.43,704,2641,true,03/04/2008,24/08/2019
CUST001,Social Media,Mrs,2.09,86,4941,false,25/12/2004,16/07/2007
CUST074,Social Media,Rev,2.16,954,3880,true,08/05/2007,06/10/2004
CUST002,Email,Mr,8.77,562,7609,true,10/10/2018,27/08/2007
CUST051,Social Media,Honorable,6.61,293,5700,true,14/10/2010,27/10/2012
CUST090,Social Media,Honorable,3.75,353,7166,false,07/03/2010,22/12/2010
CUST007,Social Media,Rev,9.76,605,1064,true,09/08/2004,04/04/2021
CUST002,Social Media,Rev,3.56,61,6273,true,18/01/2016,16/10/2012
CUST100,Social Media,Mrs,3.21,823,5026,false,04/10/2019,03/06/2012
CUST001,Email,Mr,7.37,698,7778,true,27/09/2015,15/05/2016
CUST069,Social Media,Honorable,9.75,54,4663,false,08/08/2015,29/12/2005
CUST010,Email,Dr,3.12,994,3167,true,01/10/2005,02/11/2007
CUST024,Social Media,Honorable,5.85,619,3939,false,15/02/2013,01/05/2019
CUST074,SMS,Dr,7.23,928,3384,false,19/11/2011,19/11/2009
CUST064,SMS,Mrs,6.11,715,3087,true,05/11/2007,26/01/2018
CUST019,Social Media,Honorable,2.17,692,5871,true,03/11/2012,23/04/2020
CUST007,Social Media,Dr,0.17,332,851,true,23/10/2022,14/10/2005
CUST079,Email,Ms,0.73,884,7890,true,10/05/2009,01/06/2005
CUST075,Social Media,Mrs,7.54,897,762,false,16/07/2010,16/11/2012
CUST054,Social Media,Dr,2.36,220,5764,true,25/01/2007,05/10/2012
CUST059,SMS,Dr,7.24,896,9985,true,08/06/2013,27/06/2012
CUST078,Social Media,Mrs,2.02,997,5177,true,21/08/2018,12/12/2009
CUST028,SMS,Rev,4.72,416,5445,false,14/04/2021,05/08/2017
CUST052,Email,Mrs,7.71,164,9696,true,30/11/2014,09/01/2022
CUST042,Social Media,Dr,2.2,91,3270,false,14/09/2018,01/04/2011
CUST024,Social Media,Rev,3.57,458,9370,true,15/03/2011,27/01/2004
CUST060,SMS,Dr,2.05,281,9831,true,20/04/2005,12/12/2018
CUST088,SMS,Honorable,2.21,253,5676,true,03/06/2022,19/08/2007
CUST083,SMS,Ms,1.27,241,2078,true,20/02/2021,11/07/2016
CUST081,Social Media,Honorable,0.99,987,3060,true,13/05/2016,23/11/2010
CUST032,SMS,Mrs,9.51,879,5897,false,25/12/2019,01/09/2011
CUST041,SMS,Ms,9.91,264,1185,false,30/05/2021,03/01/2011
CUST082,Social Media,Dr,5.62,798,6800,true,13/09/2014,25/11/2014
CUST076,Social Media,Mrs,4.14,563,9140,true,01/12/2022,16/06/2014
CUST071,Social Media,Ms,4.23,229,6344,true,19/08/2007,14/10/2018
CUST024,SMS,Dr,3.9,321,9112,false,15/02/2009,18/11/2011
CUST074,Email,Ms,2.0,639,247,true,11/06/2011,19/07/2007
CUST004,Email,Mr,6.76,990,8931,true,08/01/2007,28/04/2022
CUST072,SMS,Ms,2.59,340,6562,true,10/03/2007,14/02/2014
CUST028,Email,Dr,0.98,552,5512,true,22/04/2020,16/04/2012
CUST046,SMS,Dr,6.52,508,7300,false,29/05/2015,29/07/2005
CUST009,SMS,Mrs,4.44,547,1106,true,18/06/2020,27/04/2020
CUST015,Email,Dr,3.24,905,7536,true,17/08/2004,24/02/2008
CUST056,Social Media,Honorable,6.58,804,7068,false,02/10/2015,23/12/2020
CUST049,SMS,Dr,1.38,324,9746,true,19/10/2015,28/10/2006
CUST079,SMS,Honorable,9.32,900,3208,false,22/10/2022,30/10/2011
CUST098,SMS,Mr,9.78,386,2185,false,21/04/2019,13/05/2019
CUST008,Social Media,Rev,2.22,988,4188,false,04/01/2005,26/08/2017
CUST080,Email,Rev,7.77,694,4799,false,19/07/2011,18/03/2013
CUST095,Social Media,Mrs,4.9,222,7661,false,01/09/2021,04/01/2014
CUST044,Email,Mr,1.88,609,8734,false,31/08/2020,11/08/2016
CUST086,Email,Mr,3.5,548,6145,false,12/10/2022,22/09/2014
CUST039,Email,Mrs,7.17,960,1083,true,11/09/2005,27/08/2005
CUST017,SMS,Mr,6.54,445,839,false,24/04/2019,25/08/2012
CUST099,Email,Mrs,5.29,261,7416,false,03/02/2020,04/05/2009
CUST030,Social Media,Mrs,1.48,959,6708,true,20/03/2018,12/05/2008
CUST051,Social Media,Mr,8.21,702,1120,false,25/04/2004,08/12/2020
CUST037,Social Media,Dr,3.17,713,2662,true,17/01/2008,20/06/2018
CUST052,SMS,Mr,4.1,286,6329,true,08/02/2020,27/07/2010
CUST004,Social Media,Ms,7.6,691,6805,true,11/12/2012,14/02/2021
CUST034,Social Media,Dr,0.95,521,4994,true,02/11/2009,09/02/2005
CUST010,Social Media,Mrs,8.33,543,4703,true,23/12/2012,04/09/2013
CUST041,Social Media,Ms,9.3,495,6286,false,14/05/2015,10/02/2004
CUST077,Email,Mrs,7.28,896,8213,true,26/04/2019,20/08/2020
CUST025,SMS,Honorable,8.78,828,907,false,30/09/2019,13/06/2009
CUST014,SMS,Ms,9.55,319,9225,false,11/08/2006,19/11/2008
CUST065,Social Media,Mr,0.3,787,3155,false,24/02/2016,23/02/2022
CUST019,Social Media,Mr,2.74,200,8690,true,15/04/2016,02/08/2020
CUST060,Email,Mr,1.05,672,1465,true,08/07/2014,06/06/2017
CUST026,Email,Ms,7.91,397,4512,false,02/12/2021,01/09/2022
CUST021,Email,Mrs,2.67,108,1116,false,26/09/2010,11/01/2006
CUST089,Email,Honorable,3.23,268,8155,false,17/04/2009,17/05/2005
CUST041,Email,Ms,1.37,68,7146,true,23/06/2009,10/02/2018
CUST008,Email,Dr,1.73,298,6587,true,19/02/2020,21/04/2019
CUST098,Social Media,Ms,9.85,747,2832,true,08/12/2008,12/12/2013
CUST064,SMS,Dr,7.2,684,9694,true,18/11/2009,03/11/2006
CUST077,Email,Ms,6.02,10,9300,true,22/05/2009,23/11/2017
CUST022,SMS,Dr,6.01,474,951,true,15/04/2010,27/02/2021
CUST089,Email,Rev,7.24,945,948,false,19/03/2011,28/12/2004
CUST007,Social Media,Mr,2.12,333,6838,false,11/06/2022,08/08/2006
CUST043,Email,Honorable,7.55,946,3703,false,04/06/2016,20/08/2016
CUST078,Social Media,Rev,7.21,785,7662,true,14/12/2019,18/11/2013
CUST026,Email,Rev,6.37,905,9979,false,10/08/2014,12/12/2005
CUST033,Social Media,Dr,2.17,882,9998,false,27/04/2020,29/12/2017
CUST075,SMS,Ms,5.89,496,7388,false,02/08/2016,27/11/2004
CUST026,Email,Dr,9.19,839,2886,true,06/07/2014,23/08/2020
CUST007,SMS,Dr,1.03,499,8565,false,13/12/2005,20/06/2011
CUST031,SMS,Dr,7.4,860,3425,true,12/04/2007,09/08/2010
CUST011,SMS,Dr,7.95,455,9253,true,16/10/2010,30/09/2020
CUST054,SMS,Honorable,9.14,943,4499,true,17/01/2009,31/10/2008
CUST002,Social Media,Mrs,3.12,742,759,true,12/10/2019,12/06/2016
CUST022,SMS,Honorable,5.61,712,1600,true,09/09/2014,06/05/2009
CUST001,SMS,Honorable,8.29,32,4387,true,07/09/2005,28/02/2020
CUST027,Social Media,Rev,4.21,287,5192,true,06/01/2020,18/08/2007
CUST038,Email,Honorable,0.65,517,9053,true,10/03/2020,28/06/2011
CUST027,Social Media,Dr,8.84,923,495,false,15/10/2017,14/01/2004
CUST034,SMS,Mrs,7.44,876,4520,true,11/04/2015,14/01/2014
CUST004,Email,Ms,2.94,612,6647,true,24/06/2018,10/09/2017
CUST040,Social Media,Mr,8.92,751,1967,true,06/08/2019,18/04/2018
CUST059,Social Media,Rev,1.36,543,9580,false,18/05/2005,13/09/2017
CUST077,SMS,Mrs,5.53,777,9698,true,14/05/2022,02/03/2009
CUST082,SMS,Mr,1.29,930,2360,true,05/11/2022,22/06/2008
CUST018,Social Media,Ms,2.92,757,2166,false,10/07/2004,08/12/2005
CUST085,Email,Honorable,5.44,723,8876,true,21/04/2020,22/01/2009
CUST039,Social Media,Honorable,3.22,339,2311,true,26/01/2011,27/10/2020
CUST091,SMS,Mr,1.69,683,5281,true,16/09/2022,05/10/2019
CUST034,SMS,Mr,0.9,861,5384,false,16/04/2010,28/09/2004
CUST042,Email,Dr,8.53,813,257,false,10/10/2015,07/11/2011
CUST024,Email,Ms,6.7,800,2383,true,20/06/2007,17/08/2010
CUST064,Social Media,Honorable,1.38,645,1651,false,08/01/2009,04/07/2006
CUST023,SMS,Mr,1.33,734,3175,true,03/04/2012,23/11/2007
CUST029,Email,Honorable,1.27,43,8845,true,24/12/2019,17/07/2017
CUST092,SMS,Dr,5.97,744,738,true,18/02/2013,18/04/2007
CUST039,Social Media,Mr,5.9,810,3420,true,05/03/2020,24/02/2020
CUST039,Email,Mr,8.77,921,4273,true,14/05/2014,10/06/2013
CUST005,Social Media,Rev,3.13,724,2592,false,01/06/2019,08/10/2020
CUST092,Social Media,Mrs,5.8,7,5504,true,20/10/2017,22/02/2007
CUST019,Email,Mr,2.06,957,2130,true,26/12/2014,18/05/2015
CUST027,Email,Ms,0.06,163,3230,true,21/04/2014,04/08/2010
CUST067,Social Media,Mrs,6.42,450,8777,false,22/11/2015,13/10/2006
CUST022,SMS,Ms,1.63,619,5497,true,20/04/2021,24/08/2010
CUST036,SMS,Ms,8.62,686,2085,true,06/12/2008,09/12/2012
CUST002,Email,Mr,6.34,246,8272,false,22/04/2009,08/05/2005
CUST034,SMS,Rev,7.61,280,2912,true,15/09/2008,31/03/2009
CUST051,SMS,Rev,0.99,801,8125,true,03/12/2008,08/02/2012
CUST070,Social Media,Ms,3.41,824,26,true,10/10/2011,02/06/2013
CUST043,SMS,Ms,6.55,304,4841,false,17/07/2019,02/04/2014
CUST054,Email,Mrs,7.8,922,1917,true,03/11/2014,27/08/2007
CUST015,Social Media,Mr,5.18,708,8669,true,03/10/2010,15/02/2015
CUST007,Email,Honorable,9.23,47,5996,true,16/01/2009,11/11/2004
CUST098,SMS,Ms,0.19,41,8236,true,16/09/2021,14/06/2015
CUST001,Email,Honorable,7.01,738,8624,true,01/08/2008,31/10/2006
CUST094,SMS,Dr,8.37,464,540,true,29/04/2013,30/05/2020
CUST025,SMS,Rev,2.64,955,637,false,10/12/2022,02/12/2009
CUST065,Social Media,Mr,7.55,446,9566,false,20/08/2006,26/04/2004
CUST049,SMS,Mr,2.85,77,5882,false,22/06/2017,30/09/2009
CUST092,SMS,Rev,3.41,263,3890,true,11/12/2011,08/05/2020
CUST088,SMS,Rev,7.5,598,3174,true,14/06/2020,28/01/2019
CUST093,Social Media,Mr,0.28,185,7895,true,29/06/2021,01/08/2015
CUST064,Email,Ms,3.67,874,4353,false,05/09/2014,18/05/2009
CUST100,Email,Honorable,6.96,886,7477,false,19/02/2019,11/09/2014
CUST093,Social Media,Honorable,8.25,819,8236,false,28/05/2014,25/12/2017
CUST029,Email,Mr,6.49,159,4253,true,05/12/2012,10/10/2016
CUST092,Social Media,Ms,6.39,749,684,false,29/05/2005,14/08/2012
CUST042,SMS,Mrs,4.98,661,4710,true,12/11/2017,10/04/2014
CUST020,Email,Ms,7.71,254,5091,true,09/06/2007,24/12/2004
CUST068,Email,Mr,1.24,386,8249,false,21/08/2010,17/08/2006
CUST041,Email,Rev,1.92,477,7494,true,25/12/2006,01/05/2014
CUST065,Email,Dr,3.68,909,7974,false,19/12/2011,22/05/2010
CUST056,SMS,Honorable,6.8,540,7831,true,26/07/2017,01/07/2012
CUST092,Social Media,Ms,6.38,463,7445,false,04/12/2009,02/08/2011
CUST037,Email,Honorable,1.38,534,9878,false,09/09/2006,14/05/2004
CUST012,Social Media,Mr,1.41,977,1412,true,22/01/2013,19/02/2021
CUST008,Social Media,Mrs,5.8,143,222,false,14/02/2004,01/12/2005
CUST074,Email,Rev,4.64,153,9812,false,08/02/2022,23/12/2011
CUST070,SMS,Ms,0.63,83,1509,false,29/11/2010,18/02/2021
CUST046,SMS,Ms,1.46,885,9325,false,09/03/2012,31/05/2010
CUST003,Email,Mrs,0.45,87,5892,false,14/12/2021,30/01/2007
CUST025,SMS,Honorable,0.42,892,3131,false,28/03/2019,30/01/2007
CUST030,SMS,Ms,5.44,179,6672,false,03/11/2015,06/06/2017
CUST014,Email,Ms,8.04,635,7787,true,23/11/2020,17/10/2022
CUST095,Email,Ms,9.75,861,9408,false,13/06/2016,14/06/2017
CUST065,Email,Ms,2.0,418,3301,false,21/07/2013,19/09/2022
CUST090,Email,Dr,9.52,887,7620,true,24/01/2022,17/08/2008
CUST028,Email,Mrs,1.68,19,743,false,09/03/2011,17/11/2008
CUST005,SMS,Honorable,4.13,485,8956,true,25/12/2006,30/08/2010
CUST032,Email,Ms,7.9,866,21,false,07/06/2015,23/05/2018
CUST059,Social Media,Ms,8.14,180,3255,true,24/06/2008,20/03/2007
CUST027,Email,Rev,9.04,714,6080,true,27/02/2020,03/12/2008
CUST075,SMS,Mr,8.42,458,5160,true,10/06/2016,24/02/2014
CUST017,Social Media,Rev,8.9,279,3503,true,26/05/2013,07/08/2014
CUST050,SMS,Mr,6.73,485,6264,false,09/12/2016,11/07/2015
CUST018,Email,Honorable,7.92,4,5068,false,11/12/2019,09/05/2015
CUST097,Social Media,Rev,7.26,70,4588,false,07/10/2021,04/08/2011
CUST041,Social Media,Mrs,3.13,783,7727,false,19/12/2008,17/01/2005
CUST033,Social Media,Dr,8.89,494,2552,false,12/11/2006,28/08/2011
CUST055,Social Media,Ms,4.7,332,5885,true,13/10/2008,21/01/2012
CUST076,SMS,Mr,1.57,757,6058,false,24/01/2022,03/01/2020
CUST053,Email,Mrs,7.98,294,9798,true,15/11/2020,09/10/2005
CUST069,Social Media,Mrs,8.18,971,4631,true,18/10/2013,17/08/2008
CUST006,Social Media,Honorable,9.34,856,8611,false,26/10/2006,25/07/2017
CUST082,SMS,Mrs,0.62,859,352,false,13/02/2007,29/05/2013
CUST067,SMS,Dr,7.64,984,2628,false,30/10/2007,09/01/2006
CUST013,SMS,Dr,4.37,448,1760,false,03/01/2008,18/05/2004
CUST014,Email,Rev,4.94,120,3847,false,06/08/2010,26/01/2015
CUST021,Social Media,Mrs,2.91,877,2974,true,17/10/2020,07/11/2017
CUST020,Social Media,Honorable,4.99,572,4760,false,05/08/2006,11/01/2009
CUST079,Social Media,Rev,3.63,234,7248,false,28/04/2017,22/03/2019
CUST021,SMS,Rev,2.56,151,6495,true,30/09/2020,26/09/2006
CUST040,Social Media,Rev,5.98,329,1538,false,06/07/2009,06/12/2006
CUST058,Social Media,Mr,6.09,356,4053,false,23/07/2016,20/12/2008
CUST092,SMS,Honorable,3.73,727,2349,false,23/06/2022,27/09/2006
CUST089,Email,Dr,4.4,95,9164,true,25/05/2010,15/08/2008
CUST003,Social Media,Rev,0.42,752,9892,false,15/10/2010,13/04/2016
CUST045,Email,Ms,6.97,95,7132,false,23/05/2005,25/06/2014
CUST011,Social Media,Rev,9.46,524,4293,true,14/09/2019,19/11/2011
CUST057,Email,Ms,3.75,278,9543,true,10/02/2005,25/04/2017
CUST086,Email,Mr,6.01,486,8959,false,11/08/2007,06/07/2012
CUST040,SMS,Rev,1.27,989,5777,true,25/08/2009,24/12/2013
CUST056,Email,Rev,8.72,881,3459,true,21/01/2014,21/02/2006
CUST037,Social Media,Honorable,8.02,0,3788,true,06/11/2015,12/11/2010
CUST047,SMS,Rev,5.9,801,8113,true,29/12/2020,26/05/2020
CUST032,Email,Ms,4.4,648,2489,false,18/03/2018,22/10/2007
CUST078,SMS,Ms,1.41,421,6884,false,06/11/2022,17/11/2014
CUST007,SMS,Dr,0.5,196,3227,false,18/11/2021,20/12/2004
CUST011,SMS,Honorable,4.15,745,6973,true,09/01/2016,19/04/2008
CUST041,Email,Rev,3.08,764,5554,true,27/07/2016,14/09/2013
CUST041,SMS,Honorable,2.06,537,4843,true,16/01/2010,02/05/2016
CUST096,Social Media,Honorable,0.65,865,3739,false,24/10/2011,11/03/2013
CUST038,Email,Honorable,6.6,288,5466,false,11/08/2007,24/10/2017
CUST065,SMS,Ms,5.62,265,2382,false,30/01/2006,16/08/2015
CUST001,Email,Rev,4.54,425,6854,true,26/01/2014,12/10/2014
CUST077,Social Media,Honorable,9.03,392,6933,true,22/07/2004,23/04/2010
CUST084,Email,Honorable,4.76,242,1798,false,28/01/2010,28/07/2019
CUST069,Email,Rev,0.84,480,805,false,28/05/2022,25/09/2004
CUST094,Social Media,Mr,2.22,649,8911,false,26/10/2013,05/01/2022
CUST094,SMS,Rev,5.36,678,5989,true,08/06/2013,22/11/2014
CUST052,Social Media,Dr,6.6,922,1443,true,31/10/2004,27/04/2020
CUST038,Social Media,Rev,1.79,668,2194,true,07/08/2019,07/03/2011
CUST047,Email,Mrs,5.23,49,1111,true,27/11/2017,16/08/2021
CUST055,SMS,Dr,8.99,443,4534,true,07/12/2009,04/06/2022
CUST009,Email,Mrs,7.66,408,5222,false,17/06/2019,13/09/2005
CUST089,Email,Ms,6.99,443,178,true,10/11/2016,10/02/2011
CUST047,Social Media,Mrs,8.48,718,1124,true,31/07/2021,17/06/2009
CUST005,Social Media,Rev,8.15,986,5005,false,19/10/2004,24/04/2011
CUST064,SMS,Mr,4.61,383,6565,true,09/08/2005,12/08/2022
CUST025,Social Media,Rev,2.85,297,6889,false,26/01/2010,13/07/2012
CUST043,Email,Rev,1.31,854,1735,true,09/07/2022,22/12/2015
CUST015,Social Media,Ms,2.8,90,5895,true,27/12/2005,07/02/2017
CUST014,Social Media,Mr,7.34,923,4407,true,28/07/2004,13/04/2014
CUST028,Social Media,Mrs,9.24,148,4261,true,25/06/2006,26/11/2012
CUST006,Email,Dr,4.65,37,9092,true,28/10/2005,10/02/2012
CUST001,SMS,Mrs,4.44,201,3236,true,05/11/2008,02/04/2007
CUST053,Email,Mr,7.6,195,2602,true,16/08/2008,28/01/2019
CUST075,SMS,Ms,4.31,29,7102,false,29/05/2006,18/12/2022
CUST062,Email,Mrs,1.72,603,2967,false,08/04/2021,11/04/2009
CUST037,Email,Honorable,8.73,577,1323,true,27/02/2015,22/03/2005
CUST098,Email,Ms,6.54,19,499,false,22/06/2012,01/11/2022
CUST050,Email,Ms,5.29,104,6599,false,02/02/2018,07/02/2020
CUST022,Social Media,Rev,2.11,297,3639,true,31/10/2014,16/12/2020
CUST084,Email,Mrs,9.21,851,3147,false,10/05/2018,08/02/2006
CUST090,SMS,Mr,9.54,321,1776,false,03/09/2005,19/10/2015
CUST058,SMS,Ms,3.39,91,7403,false,14/04/2004,18/07/2017
CUST059,Email,Ms,5.25,218,8210,true,02/11/2017,15/08/2010
CUST013,SMS,Mrs,8.43,869,3326,false,03/01/2007,26/01/2006
CUST003,Email,Rev,6.05,54,6895,true,29/11/2021,10/08/2013
CUST063,Social Media,Dr,1.78,599,6552,false,13/01/2013,04/02/2018
CUST086,Social Media,Mrs,9.01,120,1417,true,05/09/2011,23/03/2016
CUST091,SMS,Mrs,2.8,15,5475,false,29/09/2013,07/09/2009
CUST080,Social Media,Ms,2.09,395,8023,true,18/09/2007,03/12/2020
CUST062,Social Media,Honorable,3.42,325,2373,true,23/12/2013,11/02/2022
CUST001,Email,Mr,2.68,995,8127,true,19/07/2012,28/07/2013
CUST046,SMS,Dr,8.31,188,4951,true,02/10/2005,07/02/2019
CUST043,SMS,Honorable,2.59,629,4621,true,20/04/2005,29/01/2006
CUST098,SMS,Honorable,3.15,695,4008,true,05/09/2015,08/03/2004
CUST078,SMS,Rev,5.44,365,1546,false,17/03/2021,13/10/2008
CUST094,Social Media,Dr,9.54,759,4539,false,08/07/2008,04/01/2022
CUST090,SMS,Dr,9.1,588,9457,true,03/04/2019,28/07/2012
CUST028,Email,Rev,3.22,711,9992,true,13/08/2011,19/03/2010
CUST079,SMS,Mr,6.4,835,9643,false,14/07/2004,20/07/2020
CUST020,Email,Honorable,3.25,684,2358,true,10/05/2008,15/02/2005
CUST026,SMS,Ms,4.95,555,4628,false,22/05/2020,07/04/2008
CUST023,Email,Dr,8.97,161,8537,true,08/12/2004,12/03/2019
CUST052,Email,Mr,6.74,329,7353,false,26/04/2018,04/07/2019
CUST030,Social Media,Dr,0.3,123,8093,false,13/12/2019,28/05/2006
CUST072,Social Media,Rev,4.83,43,5931,false,15/07/2021,17/02/2007
CUST012,SMS,Mrs,2.17,94,6095,true,21/06/2006,25/05/2007
CUST096,SMS,Rev,8.97,82,9096,true,12/08/2016,31/10/2010
CUST096,SMS,Ms,7.37,187,8713,false,20/06/2006,15/02/2014
CUST050,Email,Honorable,7.93,837,6321,true,12/08/2010,29/09/2006
CUST046,Social Media,Dr,9.05,369,5863,false,28/11/2011,10/12/2011
CUST100,SMS,Ms,9.76,812,3288,false,11/10/2014,24/07/2011
CUST039,SMS,Honorable,3.99,441,2984,true,04/06/2013,13/06/2014
CUST031,Email,Dr,5.36,999,2909,false,22/05/2012,10/05/2008
CUST069,Email,Mr,7.94,944,3021,true,20/05/2011,06/08/2022
CUST071,Email,Dr,5.68,585,4009,true,04/02/2016,26/01/2021
CUST084,Email,Honorable,7.27,675,9647,false,29/04/2021,01/10/2021
CUST030,Email,Ms,3.05,498,6855,true,17/09/2020,14/01/2004
CUST063,Email,Mrs,6.76,682,3776,true,07/02/2020,01/07/2010
CUST083,SMS,Ms,5.68,706,7108,true,17/11/2004,16/05/2007
CUST060,SMS,Honorable,0.62,84,1384,false,04/07/2010,29/07/2009
CUST030,SMS,Mr,1.83,68,7619,false,15/01/2006,19/07/2018
CUST007,Email,Dr,0.3,235,6884,false,29/03/2008,22/10/2007
CUST100,SMS,Mr,3.38,263,1749,true,05/06/2006,09/02/2018
CUST066,Social Media,Mr,3.04,427,3603,false,07/08/2011,22/10/2008
CUST003,Email,Rev,1.36,149,4413,false,17/12/2016,12/10/2012
CUST098,SMS,Ms,9.59,739,1610,false,24/10/2015,07/04/2007
CUST022,Social Media,Honorable,0.44,224,1619,true,15/06/2009,26/09/2006
CUST092,SMS,Dr,5.29,180,7237,false,26/12/2015,06/06/2015
CUST059,Email,Ms,7.73,483,5717,false,07/08/2019,10/01/2021
CUST056,Email,Dr,0.43,212,1605,true,29/12/2004,08/09/2014
CUST042,SMS,Mr,0.52,873,8039,true,06/04/2018,27/03/2004
CUST046,SMS,Honorable,1.01,720,2566,true,10/02/2017,10/04/2008
CUST091,Social Media,Dr,2.41,952,3011,false,11/04/2004,23/03/2018
CUST015,SMS,Mrs,9.63,592,2948,false,21/02/2008,10/08/2008
CUST074,SMS,Honorable,3.23,644,3937,false,02/02/2018,25/04/2010
CUST046,Social Media,Mrs,4.11,83,2306,true,26/01/2020,27/11/2021
CUST015,Social Media,Mr,1.8,157,6638,true,05/12/2005,11/04/2019
CUST068,Email,Honorable,0.63,315,6425,true,12/10/2006,12/01/2010
CUST033,SMS,Dr,7.84,247,5905,false,25/02/2004,01/10/2004
CUST051,Email,Mrs,6.27,279,61,true,17/03/2008,30/08/2007
CUST006,Email,Ms,7.67,372,4260,true,22/08/2019,23/07/2006
CUST051,Social Media,Mr,1.95,349,4810,false,31/03/2021,23/09/2013
CUST002,Email,Honorable,4.1,385,451,true,08/10/2019,01/08/2006
CUST096,Social Media,Honorable,2.91,589,8571,true,16/01/2020,12/03/2004
CUST037,Social Media,Honorable,3.7,786,4048,true,30/03/2018,15/01/2017
CUST009,Email,Honorable,6.47,764,1805,false,02/04/2018,30/04/2011
CUST075,SMS,Rev,5.88,217,3190,true,23/07/2006,25/05/2009
CUST053,SMS,Mr,6.44,605,7420,false,09/12/2011,12/03/2020
CUST095,Email,Honorable,4.35,153,6667,true,25/06/2006,01/10/2009
CUST056,Social Media,Mrs,8.45,776,6682,true,05/09/2007,04/07/2004
CUST009,Social Media,Honorable,3.06,115,7719,true,19/06/2006,09/12/2015
CUST023,Email,Mr,9.85,141,3654,false,04/11/2005,14/01/2013
CUST025,Social Media,Ms,2.07,784,1831,false,24/02/2007,27/10/2021
CUST005,Social Media,Rev,1.96,798,7170,true,25/10/2008,12/09/2013
CUST099,SMS,Honorable,1.62,118,5343,true,07/02/2016,22/02/2016
CUST062,SMS,Mrs,0.86,144,1328,false,17/05/2009,05/11/2006
CUST013,Social Media,Mr,1.23,496,2116,false,03/10/2013,21/12/2008
CUST045,Email,Rev,9.16,955,2413,true,22/07/2013,18/11/2014
CUST004,Email,Mr,8.16,463,3021,false,23/05/2004,08/10/2005
CUST041,Email,Honorable,4.94,962,7650,true,14/10/2015,18/12/2009
CUST023,Social Media,Rev,6.71,320,8182,false,31/07/2006,09/10/2019
CUST072,SMS,Mrs,8.96,431,9732,true,29/05/2013,07/06/2022
CUST068,SMS,Mr,3.86,877,1030,true,19/12/2012,10/05/2013
CUST010,Social Media,Rev,1.38,78,8582,true,02/07/2014,05/08/2012
CUST078,Email,Honorable,1.02,315,2237,false,13/01/2007,12/07/2010
CUST036,Social Media,Dr,1.61,880,8944,true,24/05/2014,28/09/2022
CUST092,Email,Ms,8.21,678,2521,true,25/02/2013,07/12/2009
CUST083,Social Media,Mrs,6.22,716,5101,false,26/11/2012,03/11/2004
CUST022,Social Media,Mrs,0.82,653,2192,true,25/10/2007,04/06/2020
CUST058,Email,Mr,0.91,688,918,false,23/12/2013,31/01/2006
CUST086,Social Media,Rev,0.17,233,9627,false,04/12/2022,30/10/2019
CUST063,Email,Honorable,3.15,561,352,false,19/12/2007,16/07/2012
CUST098,Social Media,Rev,2.97,548,8545,false,30/03/2004,22/03/2005
CUST035,Social Media,Mr,6.17,544,4689,true,06/02/2005,23/10/2007
CUST043,SMS,Mr,0.19,592,6,true,30/07/2014,13/02/2015
CUST095,SMS,Dr,2.39,514,2977,true,29/09/2006,16/11/2013
CUST012,SMS,Mrs,1.36,427,7321,false,13/06/2021,02/09/2014
CUST093,Social Media,Rev,8.35,986,5178,false,30/08/2021,16/12/2005
CUST096,Email,Dr,6.03,648,6804,true,04/05/2019,16/03/2009
CUST057,Email,Ms,4.91,579,2445,true,08/03/2016,28/05/2014
CUST025,SMS,Mr,0.77,722,149,false,30/11/2006,28/02/2009
CUST018,Social Media,Honorable,6.5,251,8691,true,30/08/2007,19/01/2011
CUST042,SMS,Rev,5.7,832,1738,true,06/12/2006,06/06/2015
CUST095,SMS,Mrs,9.17,238,152,false,20/04/2019,12/11/2016
CUST072,Email,Ms,4.79,896,9583,true,28/09/2020,07/01/2018
CUST002,Social Media,Ms,1.01,539,6168,false,29/11/2022,02/02/2004
CUST058,Social Media,Dr,7.23,459,6376,true,05/05/2005,19/01/2011
CUST085,SMS,Rev,5.62,487,2716,true,25/07/2010,01/03/2008
CUST080,Social Media,Honorable,5.87,848,2023,true,20/12/2014,20/02/2010
CUST017,Social Media,Honorable,6.26,821,2049,true,27/05/2005,05/10/2012
CUST002,SMS,Mr,7.74,202,9078,false,16/06/2020,26/03/2017
CUST052,Email,Honorable,1.03,927,9849,false,13/10/2015,03/08/2018
CUST086,Email,Mrs,1.19,938,1129,true,22/10/2014,23/10/2009
CUST040,Email,Honorable,2.17,740,6748,true,13/09/2020,22/01/2007
CUST094,SMS,Dr,8.3,324,6585,true,16/03/2019,09/07/2006
CUST037,Email,Honorable,4.71,99,3686,true,08/05/2022,15/03/2014
CUST090,Email,Ms,5.29,411,4601,false,10/07/2012,07/09/2013
CUST064,Email,Mr,8.76,916,9931,true,05/11/2004,07/03/2022
CUST083,Email,Ms,1.35,460,155,true,10/03/2021,09/09/2005
CUST018,Email,Ms,0.65,131,3287,false,22/05/2010,17/04/2009
CUST083,Social Media,Mrs,3.75,525,2455,false,04/11/2010,03/06/2022
CUST018,SMS,Mr,7.81,542,3021,true,25/04/2020,23/05/2017
CUST079,Social Media,Honorable,6.24,852,7517,true,24/09/2020,22/12/2009
CUST024,Email,Rev,9.62,92,7479,false,01/12/2019,07/08/2021
CUST077,Social Media,Mr,7.68,493,1656,false,22/05/2009,11/07/2015
CUST087,SMS,Dr,7.48,428,7497,false,01/02/2020,12/02/2022
CUST031,Social Media,Rev,7.44,503,8117,false,17/03/2015,27/02/2009
CUST072,Email,Ms,5.17,818,5721,true,04/09/2012,13/06/2010
CUST072,SMS,Rev,0.49,541,3202,true,26/10/2014,17/10/2011
CUST018,Email,Ms,0.07,492,9379,true,26/07/2017,06/03/2004
CUST063,SMS,Mr,6.44,642,7543,false,24/10/2015,13/04/2007
CUST039,Email,Mrs,6.76,34,1773,true,19/10/2018,07/08/2013
CUST021,SMS,Rev,1.48,485,8163,false,11/01/2006,12/08/2016
CUST085,Email,Mr,5.81,167,8800,true,17/12/2009,24/03/2010
CUST095,SMS,Honorable,1.14,449,9306,true,16/08/2011,14/12/2010
CUST007,Social Media,Rev,9.01,232,6056,true,07/11/2005,03/04/2020
CUST055,Social Media,Mr,3.89,217,3358,false,19/09/2009,10/11/2006
CUST062,Social Media,Dr,3.36,874,4279,false,09/08/2017,16/09/2012
CUST075,SMS,Ms,2.34,470,6687,false,16/07/2005,11/11/2018
CUST099,SMS,Dr,5.86,568,4663,false,20/09/2004,02/07/2010
CUST002,Social Media,Rev,1.91,116,4333,false,04/01/2018,28/06/2011
CUST073,Email,Ms,1.68,282,2594,true,16/06/2017,18/07/2008
CUST045,SMS,Mrs,2.47,568,569,false,13/10/2007,21/12/2020
CUST079,SMS,Dr,9.94,323,8214,false,26/07/2015,31/03/2004
CUST054,Email,Mrs,7.03,498,5523,true,24/05/2022,28/04/2007
CUST054,Social Media,Mr,5.07,744,5296,true,07/08/2009,20/03/2020
CUST054,Social Media,Ms,4.34,684,943,true,22/08/2019,24/05/2013
CUST081,SMS,Ms,2.1,780,5975,false,28/05/2017,16/01/2006
CUST038,Email,Dr,9.55,666,194,true,18/07/2014,23/02/2007
CUST082,Social Media,Dr,0.41,327,5394,true,22/08/2017,21/10/2014
CUST075,Social Media,Mrs,9.02,860,4147,true,17/12/2005,28/02/2017
CUST004,Social Media,Mrs,4.27,691,9671,true,22/05/2018,17/11/2009
CUST008,Social Media,Mr,5.11,270,103,false,21/08/2011,03/07/2018
CUST045,SMS,Mrs,3.33,133,8600,false,20/03/2010,16/10/2013
CUST004,Social Media,Honorable,7.38,774,2077,true,08/01/2013,26/12/2006
CUST098,Email,Honorable,8.69,710,7491,false,17/11/2016,10/08/2006
CUST075,Email,Mrs,5.55,347,8317,false,15/03/2022,06/05/2010
CUST052,Email,Dr,2.74,850,9219,false,26/04/2012,20/03/2009
CUST015,SMS,Dr,4.92,227,2974,true,06/07/2022,04/02/2021
CUST016,SMS,Honorable,3.03,480,864,true,16/03/2007,20/03/2019
CUST093,SMS,Rev,2.08,640,2108,true,24/12/2010,21/01/2013
CUST042,Email,Mr,7.85,1,5890,true,25/10/2020,13/01/2012
CUST052,Email,Rev,1.55,965,4137,false,03/03/2012,25/06/2006
CUST096,SMS,Dr,3.99,395,3767,true,29/07/2011,06/06/2008
CUST097,SMS,Mrs,3.74,10,7218,false,16/04/2016,31/01/2017
CUST094,Email,Mr,8.48,699,9285,false,11/01/2015,11/06/2010
CUST057,SMS,Dr,9.09,35,1944,false,02/10/2016,03/08/2005
CUST051,SMS,Ms,6.1,468,6353,false,06/07/2022,30/09/2022
CUST021,Email,Mr,4.09,360,525,false,31/01/2009,14/10/2013
CUST014,Social Media,Ms,2.29,225,2531,false,17/01/2014,22/01/2010
CUST008,Email,Ms,8.16,686,4108,true,17/05/2018,20/10/2011
CUST019,SMS,Dr,8.27,327,4638,false,01/04/2011,14/02/2006
CUST042,Social Media,Dr,8.64,466,353,false,19/01/2005,21/01/2014
CUST047,Email,Honorable,0.65,250,2365,false,25/01/2009,16/09/2010
CUST005,Social Media,Mrs,7.64,616,1819,false,25/03/2017,17/05/2008
CUST056,SMS,Mr,4.43,586,3426,false,20/10/2013,09/11/2014
CUST004,SMS,Mr,2.3,776,7722,true,01/01/2022,05/03/2014
CUST033,Email,Rev,1.22,122,5908,false,30/01/2012,11/10/2006
CUST033,Social Media,Ms,4.83,85,808,true,27/01/2008,10/03/2019
CUST033,Social Media,Ms,4.39,305,9457,true,26/03/2015,01/08/2004
CUST085,Email,Rev,2.79,86,6774,true,12/11/2016,13/09/2022
CUST029,Email,Ms,5.29,617,7803,false,12/11/2012,18/10/2008
CUST016,Email,Honorable,4.68,387,7218,false,27/01/2018,03/02/2006
CUST083,Email,Honorable,6.98,133,5694,false,15/04/2008,19/01/2018
CUST034,SMS,Honorable,3.44,192,826,false,08/05/2004,21/09/2018
CUST058,Email,Honorable,0.84,411,349,false,22/04/2021,24/08/2007
CUST023,SMS,Honorable,1.95,275,9737,true,07/12/2010,06/01/2007
CUST087,Social Media,Mr,5.4,136,5529,false,25/06/2007,18/06/2005
CUST082,Social Media,Mrs,2.48,496,7299,false,14/10/2008,30/10/2020
CUST099,Social Media,Mr,0.73,2,9398,false,26/11/2018,06/06/2012
CUST069,Email,Mr,7.8,684,660,false,20/11/2016,27/09/2006
CUST026,Email,Dr,3.47,430,1385,false,23/07/2013,25/02/2022
CUST034,Email,Honorable,5.36,177,9097,false,08/04/2005,12/11/2006
CUST006,Social Media,Mrs,8.35,861,1311,false,05/10/2011,02/05/2021
CUST079,Email,Dr,4.94,954,3589,true,26/01/2009,24/09/2011
CUST014,Email,Mr,4.9,16,3031,true,06/04/2020,13/07/2005
CUST050,Email,Mrs,2.95,478,9168,false,05/02/2019,13/10/2015
CUST065,SMS,Mrs,4.75,788,426,false,18/07/2015,04/02/2012
CUST055,Email,Rev,0.67,967,9706,true,23/02/2005,21/12/2005
CUST098,Social Media,Mr,3.56,378,2424,false,24/09/2011,24/07/2010
CUST060,Social Media,Mrs,3.1,541,4866,false,06/04/2017,02/11/2020
CUST018,Social Media,Mrs,5.54,264,2293,true,26/09/2014,08/12/2016
CUST067,Social Media,Honorable,0.81,372,6304,true,28/11/2009,04/12/2014
CUST051,Email,Honorable,9.8,930,3125,false,10/05/2015,24/10/2004
CUST054,Social Media,Honorable,3.89,827,4184,false,23/09/2013,11/07/2008
CUST081,Email,Rev,3.23,588,6800,false,04/12/2011,05/07/2016
CUST032,Social Media,Ms,3.91,213,6019,true,16/12/2006,30/09/2019
CUST076,SMS,Ms,5.72,268,1007,true,02/02/2014,14/12/2019
CUST004,Social Media,Mrs,3.67,826,2657,true,01/10/2018,09/11/2010
CUST095,Social Media,Honorable,6.34,2,3221,false,05/01/2007,16/01/2005
CUST029,Email,Rev,0.84,971,5568,false,14/10/2015,23/07/2008
CUST087,Email,Mr,6.02,67,6771,false,13/12/2008,10/04/2004
CUST032,SMS,Dr,4.45,993,3441,false,07/01/2010,01/02/2005
CUST063,Social Media,Rev,5.87,526,7511,false,30/01/2021,31/12/2018
CUST087,SMS,Rev,4.53,157,2094,false,27/11/2020,10/10/2016
CUST046,SMS,Mr,4.09,563,3800,true,04/04/2020,30/11/2014
CUST094,Social Media,Mr,6.58,344,1240,false,27/07/2020,25/05/2020
CUST039,Email,Dr,9.42,713,6360,false,17/12/2007,16/09/2015
CUST019,Email,Ms,2.94,21,5176,false,16/05/2017,01/08/2009
CUST074,Email,Honorable,4.08,297,8770,true,10/05/2004,24/08/2012
CUST028,Email,Mrs,1.06,39,4572,false,06/05/2019,05/08/2021
CUST006,Email,Dr,6.6,691,6447,true,31/12/2012,22/11/2011
CUST007,SMS,Rev,2.02,373,2653,false,25/08/2010,06/12/2004
CUST012,SMS,Mrs,4.39,386,5397,true,02/11/2018,17/12/2013
CUST018,SMS,Mrs,8.84,989,6690,true,08/11/2013,28/06/2004
CUST019,Social Media,Ms,1.97,409,9380,false,14/02/2018,29/05/2007
CUST036,Email,Honorable,0.71,189,7685,false,30/06/2020,10/04/2012
CUST086,Email,Mrs,0.38,200,5823,true,25/01/2006,09/12/2014
CUST049,SMS,Rev,0.17,112,149,true,07/05/2018,19/07/2017
CUST029,SMS,Rev,8.8,788,4588,true,21/09/2016,08/05/2012
